[
  {
    "id": "1",
    "name": "Imposizione attendance voluta",
    "category": "Software",
    "importance": "40",
    "estimation": "3",
    "demo": "Screenshot",
    "notes": "I prezzi si possono massimizzare per fatturato oppure per attendance. Al momento la GUI WEB non consente di gestire la seconda.",
    "links": "",
    "assigned": "Massimo, 3"
  },
  {
    "id": "2",
    "name": "Forzatura manuale dei prezzi",
    "category": "Software",
    "importance": "60",
    "estimation": "2",
    "demo": "Screenshot",
    "notes": "Se la società cliente, per un certo evento, decide in un qualsiasi momento di fissare i prezzi ad esempio a 10 Euro, bisogna poterlo fare rapidamente da GUI per fare in modo che l'algoritmo recepisca immediatamente la nuova direttiva.",
    "links": "",
    "assigned": "Massimo, 2"
  }
]
